手机型号,价格,详细信息,加入购物车
红米5A-2+16G公开全网通不换机粉(图),￥535.00,5.0寸2+16全网骁龙425四核,购
小米5X-4+32G公开全网通不换机香槟金(图),￥900.00,5.5英寸 骁龙八核 变焦双摄 1200,购
红米5A-2+16G公开全网通不换机灰(图),￥528.00,5.0英寸 骁龙四核,购
小米6X-4+32G公开全网通不换机流沙金,￥1190.00,5.99寸 骁龙660全面屏2000万,购
红米5A-2+16G公开全网通不换机金(图),￥535.00,5.0英寸 骁龙四核,购
小米6X-4+32G公开全网通不换机樱花粉,￥1190.00,5.99寸 骁龙660全面屏2000万,购
红米5A-3+32G公开全网通不换机灰,￥590.00,5.0英寸 骁龙四核,购
小米6X-4+32G公开全网通不换机曜石黑,￥1180.00,5.99寸 骁龙660全面屏2000万,购
红米5Plus-3+32G公开全网通不换机不刷机黑(图),￥805.00,5.99英寸 全面屏 八核骁龙625 12,购
小米6X-4+64G公开全网通不换机冰川蓝,￥1290.00,4GB+64GB 5.99英寸 2000万像素,购
红米5Plus-3+32G公开全网通不换机金色(图),￥775.00,5.99英寸 全面屏 八核骁龙625 12,购
小米6X-4+64G公开全网通不换机赤焰红,￥1295.00,4GB+64GB 5.99英寸 2000万像素,购
红米5Plus-3+32G公开全网通不换机玫瑰金(图),￥763.00,5.99英寸 全面屏 八核骁龙625 12,购
小米6X-4+64G公开全网通不换机流沙金,￥1290.00,4GB+64GB 5.99英寸 2000万像素,购
红米5Plus-4+64G公开全网通不换机黑色(图),￥940.00,5.99英寸 全面屏 八核骁龙625 12,购
小米6X-4+64G公开全网通不换机樱花粉,￥1290.00,4GB+64GB 5.99英寸 2000万像素,购
红米5Plus-4+64G公开全网通不换机金色(图),￥940.00,5.99英寸 全面屏 八核骁龙625 12,购
小米6X-4+64G公开全网通不换机曜石黑,￥1290.00,4GB+64GB 5.99英寸 2000万像素,购
红米5Plus-4+64G公开全网通不换机浅蓝色(图),￥910.00,5.99英寸 全面屏 八核骁龙625 12,购
小米6X-6+128G公开全网通不换机樱花粉,￥1650.00,6GB+128GB 5.99英寸 2000万像,购
红米6A全网通-2+16G不换机巴厘蓝,￥510.00,Helio A22 5.45寸 1300万,购
小米6X-6+128G公开全网通不换机曜石黑,￥1635.00,6GB+128GB 5.99英寸 2000万像,购
红米6A全网通-2+16G不换机铂银灰,￥508.00,Helio A22 5.45寸 1300万,购
小米6X-6+64G公开全网通不换机冰川蓝,￥1360.00,6GB+64GB 5.99英寸 2000万像素,购
红米6A全网通-2+16G不换机流沙金,￥510.00,Helio A22 5.45寸 1300万,购
小米6X-6+64G公开全网通不换机赤炎红,￥1345.00,6GB+64GB 5.99英寸 2000万像素,购
红米6A全网通-2+16G不换机樱花粉,￥511.00,Helio A22 5.45寸 1300万,购
小米6X-6+64G公开全网通不换机流沙金,￥1345.00,6GB+64GB 5.99英寸 2000万像素,购
红米6A全网通-3+32G不换机铂银灰,￥628.00,Helio A22 5.45寸 1300万,购
小米6X-6+64G公开全网通不换机樱花粉,￥1360.00,6GB+64GB 5.99英寸 2000万像素,购
红米6A移动全网通-2+16G不换机流沙金,￥505.00,购,小米6X-6+64G公开全网通不换机曜石黑
￥1345.00,6GB+64GB 5.99英寸 2000万像素,购,红米6Pro公开全网通-4+32G不换机巴厘蓝
￥950.00,5.84寸 骁龙625 1200+500万,购,小米8SE-6+128G公开全网通不换机金
￥2010.00,官网,购,红米6Pro公开全网通-4+32G不换机流沙金
￥945.00,5.84寸 骁龙625 1200+500万,购,小米8SE-6+64G公开全网通不换机红
￥1850.00,官网 5.88寸 骁龙710 1200+500万,购,红米6Pro公开全网通-4+32G不换机樱花粉
￥950.00,5.84寸 骁龙625 1200+500万,购,小米8SE-6+64G公开全网通不换机金
￥1860.00,官网 5.88寸 骁龙710 1200+500万,购,红米6Pro公开全网通-4+32G不换机曜石黑
￥950.00,5.84寸 骁龙625 1200+500万,购,小米8SE-6+64G公开全网通不换机蓝
￥1830.00,官网 5.88寸 骁龙710 1200+500万,购,红米6Pro公开全网通-4+64G不换机赤焰红
￥1085.00,5.84寸 骁龙625 1200+500万,购,小米8-6+128G公开全网通不换机白
￥2665.00,官网 6.21寸 骁龙845 双1200万,购,红米6Pro公开全网通-4+64G不换机流沙金
￥1073.00,5.84寸 骁龙625 1200+500万,购,小米8-6+128G公开全网通不换机黑
￥2685.00,官网 6.21寸 骁龙845 双1200万,购,红米6Pro公开全网通-4+64G不换机樱花粉
￥1080.00,5.84寸 骁龙625 1200+500万,购,小米8-6+128G公开全网通不换机金
￥2665.00,官网 6.21寸 骁龙845 双1200万,购,红米6Pro公开全网通-4+64G不换机曜石黑
￥1070.00,5.84寸 骁龙625 1200+500万,购,小米8-6+128G公开全网通不换机蓝
￥2690.00,官网 6.21寸 骁龙845 双1200万,购,红米6公开全网通-3+32G不换机巴厘蓝
￥690.00,Helio P22八核 5.45寸 1200万,购,小米8-6+256G公开全网通不换机黑
￥2990.00,官网 6.21寸 骁龙845 双1200万,购
